,0
0,911 MEMORIAL
1,SIT SHUTTLE
2,PRAGUE BOATS
3,360 AMSTERDAM
4,BLUE BOAT AMSTERDAM
5,KIT MY TRIP
6,ENGLISH HERITAGE
7,IFLY GOLD COAST
8,ROYAL TOURS KRAKOW
9,ISTANBUL WELCOME CARD
10,ISTANBUL TOURIST PASS
11,BAISAN TRAVEL LLC
12,PARK VIAGGI
13,PALACIO DE LAS DUEÑAS
14,EASTERN EUROPEAN EXPERIENCE
15,NHUE API
16,CROWN TOURS SRL
17,OWAY TOURS
18,WHEN IN ROME
19,BATEAUX PARISIENS SODEXO
20,MOCO MUSEUM
21,VENICE CITY TOURS BOKUN
22,TOURISTATION
23,AT CRACOW S.C.
24,GRAYLINE ORLANDO
25,VOX SPA
26,HB GROUP
27,BATEAUX MOUCHES
28,ROYAL COLLECTION TRUST
29,MAGIC WAYS
30,SEE YOUR CITY
31,TURISME DE BARCELONA
32,WEEKEND A FIRENZE SRL
33,CAF TOUR   TRAVEL
34,REEDEREI ABICHT
35,PRIOMARKET
36,LINDBERGH TOURS
37,JULIA TRAVELS
38,WAYS SRL
39,TOURISM BUSINESS DEVELOPMENT 360 S.L (TOURS FOR TODAY)
40,BIG BUS EUR
41,BUSHWACKER ECO TOURS
42,PREMIANT TOURS
43,ROYAL MUSEUMS OF GREENWICH
44,C WAY
45,BOSPHORUS TOUR
46,SKI DUBAI
47,ITALY PASS API
48,CLIO MUSE
49,XCLUSIVE TOURS
50,ANDALUCIA EXPERIENCES API
51,MUSEUM OF ILLUSIONS
52,SUPER CRACOW
53,JUNGFRAUBAHNEN MANAGEMENT AG
54,GRAYLINE_ORLANDO
55,KRAKOWBOOKING
56,MARGARET RIVER REGION CAVES AND LIGHTHOUSES
57,TRANSYLVANIAN WONDERS SRL
58,BIG BUS GBP
59,GENIUS SRL
60,LOUVRE MUSEUM PARIS
61,HELI NY
62,CARRANI TOURS
63,MUSEUM OF ILLUSIONS VIENNA
64,NATURANDA
65,THAMES CLIPPERS
66,MY TOURS
67,ATHENS WALKS TOUR COMPANY
68,THE AQUARIUM OF WESTERN AUSTRALIA
69,GET PRAGUE GUIDE
70,COMPAGNIE DES ALPES - PARC AST RIX
71,THIS IS HOLLAND
72,AMIGO TOURS SPAIN
73,D UVA SRL
74,CENTRE ESPORTIU MANACOR S.L
75,IBE TOURS
76,UP AT THE O2 SATURDAY
77,MARY VALLEY RATTLER
78,CIRCULAR CRUISE
79,THAMES RIVER SERVICES
80,ROYAL BOTANIC GARDENS KEW
81,SEE KRAKOW
82,ALL POLAND SP  ZOO
83,LOVE BOATS
84,LIDO DE PARIS
85,AMSTERDAM PARTNERS
86,VENICE CITY TOURS_BOKUN
87,PARADIS LATIN
88,CITY SIGHTSEEING WORLDWIDE
89,SIGHTS OF ATHENS
90,CASA VICENS
91,PARIS TRIP
92,ANERA TRAVEL
93,CGN SA
94,NHUE- VISIT GRANADA
95,EXPERIENCEFIRST NYC
96,BIG BUS AED
97,CITYRAMA PORTUGAL
98,CASA NATAL PABLO PICASSO
99,SEVILLA INSIDE
100,ASKOS TOURS
101,XCLUSIVE_TOURS
102,ITALY PASS_API
103,OBEROI CRUISE
104,AQUA FUN KRYSTIAN KAPUSTA
105,ALL POLAND SP. ZOO
106,CINEAQUA
107,TURISMO TORINO E PROVINCIA
108,D'UVA SRL
109,BATOBUS
110,BUCINTORO VIAGGI
111,VENERANDA FABBRICA DEL DUOMO
112,NOFRILLS EXCURSIONS S.L.
113,NHUE_API
114,REYKJAVIK SIGHTSEEING
115,BATEAUX PARISIENS_SODEXO
116,GRANAVISION
117,ZANI VIAGGI
118,FLAVIO S JOURNEYS
119,CASTLEXPERIENCE
120,FLAGSHIP AMSTERDAM
121,TENERIFE SAILING CHARTERS
122,AMSTERDAM BOAT CRUISES
123,DUTCH ORIENTAL
124,BIG BUS TOURS
125,ANDALUCIA EXPERIENCES_API
126,PENNICOTT WILDERNESS JOURNEYS
127,WANDA METROPOLITANO
128,WALKS IN EUROPE
129,YOUSEUM - INTERACTIVE ART MUSEUM
130,COMPAGNIE DES ALPES - GR VIN MUSEUM
131,COMPAGNIE DES ALPES - GRÉVIN MUSEUM
132,VOXMUNDI
133,AMIGO TOURS_SPAIN
134,TOURS ABOUT
135,MAYA TOURS
136,CARPE DIEM ROME
137,EXPERIENCEFIRST EUR
138,EXPERIENCEFIRST_EUR
139,CIAO FLORENCE TOURS & TRAVELS
140,CIAO FLORENCE TOURS   TRAVELS
141,CAF TOUR & TRAVEL
142,ROMAN EMPIRE
143,SEVILLA OFFICIAL TOURS
144,ESPACIO TRAFALGAR SL
