,0,1
0,Blue Boat Amsterdam,1lSSE1H7SvvY_gJB2AOT2Wbn1rm9seFEm15PfgdGzCOQ
1,360 Amsterdam,1v6Umoju5bIrsmFR71ITw4ZD0Z_mpHKYDTHVWeMxYLfg
2,Circular Cruise,1vzzRfyR5UaKe7QG_aGKTueN-Xk57xIstm--Gdssd-hQ
3,Thames River Services,1Prr32W-r_yIN-TNmouShrFppOlXUObzU3qwYJGXnRBo
4,SIT Shuttle,15O7PyRtFzj2zVGVG_gFW-oZA8NY1NDXgjwW991MMQCg
5,Prague Boats,1qmGDtfrN9qvq1jAPkvpLM0419n_BxUak1KVbT7LyehE
6,Axis and Globe_API,1LESSm3_KZOn-gfGvI0l0M1XeVu9xbwi39JniiO-Zdh0
7,THIS IS HOLLAND,1sf_oEYB_-3SHv1WLtxHQWS_fbYuL6hF2_5CHw4HfuKU
8,Istanbul Welcome Card,13SXui7Ig0dYAguabzJlEvKyHDApkTJ8ncL-VYFdTyO8
9,Venice City Tours,1DMUQYHGoXzCrXeY2V4ceoK7lGmJgCCteDDQquB3gvpE
10,Ways Srl,1EeIH-aFu674VZqpp82uw0o7kyIKszZ1jNq3iOp6BXRI
11,Historic Royal Palaces,1vhOZaoMkdpird4HYfdEqYCbrwaxrWMkMwTVWEHS-O1o
12,C Way,1ZoTGDQ9-rqpmSb4hURhKq-Fb_PZmHFd5wkykOdDhf7Y
13,Casa Natal Pablo Picasso,1fw2tEnotKFcbP3dp_3pARWhc-a9sPLEBI28mQ3xyzIg
14,LINDBERGH TOURS,1rPtM8SsB9neyX65wcR4vbent6poMctOtTYwfpd0fj8k
15,Italy Pass,1TG2dt6zlil5ksW0suAJU7flt4NTrd4Izj1HGzWo-3vE
16,Clio Muse,1sY224iPAC94tRwUpoJLGVT75qRel3uE0jWyHImMqcfA
17,VoX SpA,1MuIuFuxcdL9dgwAG53XxHKAe6Qpm80iWEiBfdovBRhU
18,Key Tours PP,1YIuW7ewhsc3iechCu4279VTlFX_MmEf6CwpWdbojgs8
19,Reederei Abicht,1vqn7OGofVtJ6_GXosiG-EhKRz44tTckpcDZuplUQ6YM
20,Moco Museum,1vs4W0V1WPv5B8w7-uWCmhVsfZRYAzZkH7ixowsyCTBU
21,Palacio de las Dueñas,1OQUoJ-ZpG_izmxjb2kpUTqdbOAT6ejMU-QZdpVemhu4
22,When in Rome,1USjbISf54qqoSeCld6wZbo-aQJp_lSJxXXNT8EKah6c
23,PrioMarket,1iHHe9oSmAQnNRsERU5ek2j1pUdkFloNiYTcXda5dojQ
24,Shoreline Sightseeing,1GH_vVT6u6H4-AgGNTuVKgwyt9VINgCTyYw0zCq_CGFY
25,Weekend a Firenze srl,1inDv5re7Z1NXbiHNd2kIZJzv0rrTGeAjlc1UwDcZ-jk
26,Crown Tours SRL,1OsoMUn9A-eIz7KKB-C2P_gjSx6TITMZjQMTHcMzI-hc
27,Athens Walks Tour Company,15eyIINks1TyIejRaXyG8hMeLF8ELdNKQ-sPQxASc9as
28,ExperienceFirst_NYC,1wyUlUlp7x2IM7YWfHFZZV4GEhEmT1r7-ZF1lzyxPRw4
29,Jungfraubahnen Management AG,1_M5A7GUKlslrv7i_w4HAkxU82vYj_XUszqQpjvgawes
30,Naturanda,1IA5oFfA5XKvnepIkP25p9L3f4IbTZszgaQ-tLTJ5KwM
31,Get Prague Guide,1ZPHn6FPN3xqmzVSbpSJsOEmIf6CwQE30polOOAx2fIs
32,English Heritage,1KgoIW1xqRgzbVWs4pLP_AIvkcaZctW5rtBgKRj7zfI0
33,Oway Tours,1jgTFx4235I7cqHedmPadK6hEuGaUgAxWtcATz50D2Js
34,Venezia Unica,1sbUp2uShTYVKGNIzpMhzJSposoEQkLd0Mneg5HubrEc
35,BWSG Berliner Wassersport und Service GmbH,1Va6FXp13HcqslrVQOJCHllOPr7dpiMl3Ty_QO6CIvfU
36,CGN SA,1ByrBR9E7NSMl-LRVzXkle0_Zjd18Uxz9gmQfmyZO3cU
37,Espacio Trafalgar SL,1LqDvHOMAFB9_nG5p85e4oqgnm1wy0rwHy_fswheoRIc
38,NHUE Experience Bank,13IQt7IaJz1IkzF63fKFhzDO_vsgeWwhmBNM3S7eIy-o
39,Andalucia Experiences,1eNeN6NYCMjtwvDrdHgpHPCjnYZA7WNqlgPMfMzoxjPg
40,Bateaux Parisiens,1uFYAWvYS2wRyNB0XtQdNSh7QTm6FLV6l5jvJe5UJH2A
41,Wanda Metropolitano,12nG2nCwiKSqAzDEhBIJa6jyfxZr4XFOQRofKLvuKdkk
42,Julia Travels,1xHxglT0adOkZvJBMZmkXzKQQj3ZIwzE_2eBiXcz3Yhg
43,Eastern European Experience,1JygFjQpxwPH5rESoiz9ibQH-O_rEFeVYtnD8Dqett4w
44,Caf Tour & Travel,1sWy3eUpOD67iA_shbNXG7ZQO_k9WwGeVJyB-czd-BnA
45,Merlin Entertainments,1MkdGYsoloJOB1IryC2Yanc9dJNnehyFJGH0Dj--qFvo
46,Tours About,1uKTNHRC_PxmuJt5yMA35T2SzxlhSeZjBMx97lfIrRbg
47,Royal Collection Trust,1QfB_wHhIz5kEET2c9q9beBlDrq4SSpDOXKvTMmRDVh8
48,Touristation,1s5JiuOqojqlBCvTZL-O31AOAVeS_1ZAZ6SEaZ842SV0
49,Park Viaggi,1CImo14j_gKv0b_aGIJpARkdG6DZ2bj5jqnjXKUHOeyA
50,KrakowBooking,1WAFk_ye9r-P68vEcUFlGZi4ZY597gN8Gm8BaTOadUJ0
51,Tourism Business Development 360 S.L (Tours For Today),1QD7X2eH7WBAsswXFYGF6GhxF4pppqPPYrZJYfkwOc2s
52,NHUE- Visit Granada,1jSKnnprPLaujN97yfWxWoF_0Nn04NKXnIcQLcvcvC50
53,See Your City,1D7RANPsQKX-6NG-ZVHyn2jeX1k3lv4RPJpyQXqi_r6Y
54,Veneranda Fabbrica del Duomo,12Eqovu0sgUIcXnAjYAc2JE8IiT7CdYBbMh-CgOI61bU
55,Amsterdam&Partners,1zS4RAlaxQzoQfJZZD9YYBQDxwVPZQxTCsniggsvnlIw
56,Vidi Guides,1c8atmn32tRBEYtyBMo11vtHeY0yZrLT2ncJAlOl-g3o
57,Loving Rome,1rWM6r2xW7jTdsnodE6VTOHSRuL9abmBER9shE5cljEI
58,Gray Line Orlando,1NlQvJxDtROzaaImytj8bX9QcPkVkZliGZrdw8bOklWw
59,HB Group,1KdAZzSrR6K--_rJNcG3bod6L_5YTh_wK2ZdamjC2iJA
60,Carrani Tours,11sfkLhFauh9XwrROa0khExbOTSHws274EK4_EB1MXZU
61,Youseum - Interactive Art Museum,1SVcaLUp06o6MoNVmUW5jkoiLs0BJ43sDIsk6gGe-J64
62,Granavision,1ZcVKzGORP-bW8BwqhFtaTggx4Jv5VJqG0lVSo2CjClU
63,Baisan Travel LLc,1aGOOCzX18bYkSaKUvskXi9mMlGzFj3uqzWltoW8V8Is
64,Dutch Oriental,10xkcJvHC7dzjxux_fwYFKj4-DErUd7CzDx_jFYyIFP0
65,Museum of Illusions,1vAE9mrUf9Nr-LJmZKggy4ifTK81YRV0Soi1KPgQGcUw
66,Heli NY,1d8LZTrjSXQUJPh75Au73V1Ka15sXNgO3CPjOiD9n_Qw
67,Ciao Florence Tours & Travels,10OAdqLeD89-YMPqgzUizUqhePZ6vve6h8ggSn3od7Tc
68,Xclusive Tours,1qm9I7M6viud9cOVKvHRHvW9Uy2bvvZyUEOxczhBGEHg
69,Turisme de Barcelona,1hOeW75O0cqJt9SjX8bE9ZL2SRmR0Zesan9zh214ZqXA
70,Magic Ways,1G7bG74QUtqkUgQnXbIAsILsViuo2wyCmoRzkVP0pYMc
71,Genius srl,1OKFeEgulV-RTaZeVyMC54vDhNOTGxuw0Gy46IJqoi1M
72,Super Cracow,1RsbDH9GBl1bFlk_vtAy_NU_jfufby2hV_jRwDL5DAis
73,Askos Tours,1zzlLPnvM6nqXMYM2rQq0Xvm-0Lz2Z9mGcIdxkmj_MTY
74,ExperienceFirst,1yXbKoIECet9UUs9845ut2outma6neRp6dtGS6_slALM
75,Royal Museums of Greenwich,1o01dqocSLplQXI_LaDGrDig35r4F7k2HJU0-sgKGt2A
76,Thames Clippers,1viM2WwU_DI5bCvTmISAuBB9mm4QrHT0TC3JfslTwUrA
77,Oberoi Cruise,1npoxvZKkK6QdAhZXPL36J_ZadQHgr8Ti-ufpuv_qQc8
78,sky100 Hong Kong Observation Deck,1Xwkq2AfjcZaz7IK50ArQC7DA39Tw3IqexvmC__rAKLo
79,Amigo Tours Spain,1sZz7Yxfj9m8gbBtTwWXBR_OxvynLPbfDfusphx3D_eA
80,The Aquarium of Western Australia,1pmcESaVFsAZ_pvufHcUWsOFRWeYh5BAvbE1lXU5x6ac
81,Zani Viaggi,10twF4qlDZTMA06HM187XyEkoQD1Xmy4V1SbQ-KoF4nM
82,Istanbul Tourist Pass,1O0R7E_jZnjwxL66On5qSFDKyvxqO2fFNO6ZnpgaOKxE
83,Amigo Tours,1s5QJIerqo3Fj4Jiop2nljI_auQvO8wP_2bebo8GauW0
84,Premiant tours,1EzWH5-O6Vzg3pu6-ZdWUE2goPHdE30OBR6ceeSf0jbA
85,Yellow Bus,1i7pTJI4dpZe27grrjjASr8TYctA-y-Gq_z3OUAEsTtU
86,Sights of Athens,19FX5rjGZzG_MtwNN2Iu9RSP1t54HPCGch-TEugVBe2Y
87,Bookmywifi,1lQ-KXOo9A8LX13tM7JuKRIOIeh9w3VaSyI9fIp6i1i8
88,Trekksoft Group,1rxddoWYrhpinlVqYSYahEyTpgVvGrxQ_I3rr6zhO-Gg
89,City Sightseeing Worldwide,1l5i5Ld50A3aNsidj_9sTE8lJiyu__Z-9IHKZyXRa_5Y
90,Anera Travel,1Gi2HkCM5P-PQVus8GmNgcEhvY28P6d1l_W8YA8D12J0
91,Bosphorus Tour,1MntRemCuswdved-uub54C_VUlRK6QsBhA9-pUpB6yxg
92,Roman Guy,1_-_gg_zyhQFon41l2xdqMxq49gmGJrFba4372dgcbew
93,Bushwacker Eco Tours,1EdgQ-aPQ4m5U4CRND388OiQKFyngbqmjGgEOuDJMLEw
94,RADIUS TOURS,1t5RD77kV_6HttHP-DP3y2NYRwv_aSzEHjZVgwK9Fbx4
95,Thriller Miami LLC,1CmKu9G1RX9D2ypptsH43MbagRRWT5UtZJKd-NxzPxe0
96,Sunbird Travel Agency,1ZJibLQJAEBh5uvmQouB1g2-tTii9JU3gUa_thxJ8eXQ
97,Thousand Miles Krakow,1H-JdIdVcrkC4h2AxfcS7-yTNjySy5tjFEixEMEuUylg
98,Bucintoro Viaggi,1VtEiFNYt-Dbv74sJ4-NRlCq8NxWzws7iI9mtycA4VzM
99,National Express,1O67X1rWcX2WUK6txgsbwi0O_rOOMqbtd3q8WeUyR1gc
100,Museum of Cycladic Art,1hBKjZl_oK9QqCzF_YCEwxQRksc4vP4_a1P9fNApACcQ
101,See Krakow,1_O_OT9HnENbE7Q8fzBxuA87VldidKUJ374fRP8mgBpk
102,Etna & Sea di Andrea Giuseppe Lo Bue,1Jc6_ruJFTJuECzoK2GMyK8ot2vOeu2nqpKc01EQ_tfI
103,Palmayachts LDA,1I0PqXYKNWI8GW24PafA_Zf5pBvn9lVpdFKtzVRl9kWw
104,911 Memorial,19yQZ80BCTxOiZBUXoNqx2e_dXx5_ZPmWB7OQPF9B4fY
105,Compagnie des Alpes - Grévin Museum,1vaK81T808ZewP_Bs2u6qA-xJ-ZkNe19vFLJbvz5jp7E
106,Voxmundi,1pOYI4fEBM9mxFdXx-DnCFujBy3_lRc1KLrvrdCchCRE
107,IBE Tours,1IXZYXDQ5zTYu-r1W-ySf900bX5K-uVxLviDetmx_MU8
108,Paris Trip,1oSoTuxaWJT-QxOta6-qDPi63zoITBpR4tRiJ66wMhNg
109,My Tours,1_ww68jgL-zW30SWGAWMyz90cqQ5_rI1FfJ1qGUcXa-4
110,Roman Empire,1Zv4zlxXuxPh57WH7PxAsZS1vkYr3OvDdVNZJPSLOVPI
111,Eureka Skydeck 88,1SthydeEAnbvG2t3zlrxn8r20_kYhEnXvY45tYcmu0CQ
112,Royal Botanic Gardens Kew,137VeUu6_tbQo_k0EG9vg_e1WgvSfxshMwrAcEKkJgIw
113,Sevilla Official Tours,1yADoHqVwx-DzfL1GzFe2vwxoNaSOaBi9esV0bYMNV8A
114,Travel Etc.,10r7Iqv4N2r7jJFo5S_5gt8BcDsB3qBeK_hNJbI3uOXs
115,CENTRE ESPORTIU MANACOR S.L,1ahtV6LZZQ0gBQR3Dv30Gw3co8Vb_z5Jrw1eoZZMQySo
